{
  "total_runs": 17,
  "total_evolutions": 10,
  "utility_history": [
    999768.0,
    999768.0,
    999285.4999136,
    999285.4999136,
    999285.4999136,
    999285.4999136,
    999285.4999136,
    999285.4999136,
    999285.4999136,
    999285.4999136,
    999285.4999136,
    999285.4999136,
    999285.4999136,
    999285.4999136,
    999285.4999136,
    999437.7917585,
    999439.595398
  ],
  "best_utility": 999768.0,
  "w_score_min": 0.38,
  "w_score_max": 0.98
}